-- MySQL Script generated by MySQL Workbench
-- Tue Feb 21 22:42:36 2023
-- Model: New Model    Version: 1.0
-- MySQL Workbench Forward Engineering

SET @OLD_UNIQUE_CHECKS=@@UNIQUE_CHECKS, UNIQUE_CHECKS=0;
SET @OLD_FOREIGN_KEY_CHECKS=@@FOREIGN_KEY_CHECKS, FOREIGN_KEY_CHECKS=0;
SET @OLD_SQL_MODE=@@SQL_MODE, SQL_MODE='ONLY_FULL_GROUP_BY,STRICT_TRANS_TABLES,NO_ZERO_IN_DATE,NO_ZERO_DATE,ERROR_FOR_DIVISION_BY_ZERO,NO_ENGINE_SUBSTITUTION';

-- Schema optica
-- -----------------------------------------------------
DROP SCHEMA IF EXISTS `optica` ;

-- -----------------------------------------------------
-- Schema optica
-- -----------------------------------------------------
CREATE SCHEMA IF NOT EXISTS `optica` DEFAULT CHARACTER SET utf8mb4 COLLATE utf8mb4_0900_ai_ci ;
USE `optica` ;

-- -----------------------------------------------------
-- Table `optica`.`marca`
-- -----------------------------------------------------
DROP TABLE IF EXISTS `optica`.`marca` ;
CREATE TABLE IF NOT EXISTS `optica`.`marca` (
  `id` INT NOT NULL,
  `nombre` VARCHAR(255) NULL DEFAULT NULL,
  `proveedor_id` INT NOT NULL,
  PRIMARY KEY (`id`),
  INDEX `fk_marca_proveedor1_idx` (`proveedor_id` ASC) VISIBLE,
  CONSTRAINT `fk_marca_proveedor1`
    FOREIGN KEY (`proveedor_id`)
    REFERENCES `optica`.`proveedor` (`id`)
    ON DELETE NO ACTION
    ON UPDATE NO ACTION)
ENGINE = InnoDB
DEFAULT CHARACTER SET = utf8mb4
COLLATE = utf8mb4_0900_ai_ci;
-- -----------------------------------------------------
-- Table `optica`.`colores`
-- -----------------------------------------------------
DROP TABLE IF EXISTS `optica`.`colores` ;

CREATE TABLE IF NOT EXISTS `optica`.`colores` (
  `id` INT NOT NULL,
  `nombre` VARCHAR(45) NULL,
  PRIMARY KEY (`id`))
ENGINE = InnoDB;

USE `optica` ;

-- -----------------------------------------------------
-- Table `optica`.`cliente`
-- -----------------------------------------------------
DROP TABLE IF EXISTS `optica`.`cliente` ;
CREATE TABLE IF NOT EXISTS `optica`.`cliente` (
  `id` INT NOT NULL,
  `nombre` VARCHAR(45) NULL DEFAULT NULL,
  `telefono` VARCHAR(255) NULL DEFAULT NULL,
  `email` VARCHAR(255) NULL DEFAULT NULL,
  `fecha_registro` DATE NULL DEFAULT NULL,
  `direccion_id` INT NOT NULL,
  `recomendacion_id` INT NULL DEFAULT NULL,
  PRIMARY KEY (`id`),
  UNIQUE INDEX `id` (`id` ASC) VISIBLE,
  INDEX `recomendacion_id` (`recomendacion_id` ASC) VISIBLE,
  INDEX `fk_cliente_direccion1_idx` (`direccion_id` ASC) VISIBLE,
  CONSTRAINT `cliente_ibfk_1`
    FOREIGN KEY (`recomendacion_id`)
    REFERENCES `optica`.`cliente` (`id`),
  CONSTRAINT `fk_cliente_direccion1`
    FOREIGN KEY (`direccion_id`)
    REFERENCES `optica`.`direccion` (`id`)
    ON DELETE NO ACTION
    ON UPDATE NO ACTION)
ENGINE = InnoDB
DEFAULT CHARACTER SET = utf8mb4
COLLATE = utf8mb4_0900_ai_ci;
-- -----------------------------------------------------
-- Table `optica`.`direccion`
-- -----------------------------------------------------
DROP TABLE IF EXISTS `optica`.`direccion` ;

CREATE TABLE IF NOT EXISTS `optica`.`direccion` (
  `id` INT NOT NULL,
  `calle` VARCHAR(255) NOT NULL,
  `numero` INT NULL DEFAULT NULL,
  `piso_puerta` VARCHAR(42) NULL DEFAULT NULL,
  `cp` VARCHAR(42)  NULL DEFAULT NULL,
  `ciudad` VARCHAR(42) NULL DEFAULT NULL,
  `pais` VARCHAR(42) NULL DEFAULT NULL,
  PRIMARY KEY (`id`),
  UNIQUE INDEX `id` (`id` ASC) VISIBLE)
ENGINE = InnoDB
DEFAULT CHARACTER SET = utf8mb4
COLLATE = utf8mb4_0900_ai_ci;


-- -----------------------------------------------------
-- Table `optica`.`empleado`
-- -----------------------------------------------------
DROP TABLE IF EXISTS `optica`.`empleado` ;

CREATE TABLE IF NOT EXISTS `optica`.`empleado` (
  `id` INT NOT NULL,
  `nombre` VARCHAR(45) NULL,
  PRIMARY KEY (`id`),
  UNIQUE INDEX `id` (`id` ASC) VISIBLE)
ENGINE = InnoDB
DEFAULT CHARACTER SET = utf8mb4
COLLATE = utf8mb4_0900_ai_ci;


-- -----------------------------------------------------
-- Table `optica`.`proveedor`
-- -----------------------------------------------------
DROP TABLE IF EXISTS `optica`.`proveedor` ;

CREATE TABLE IF NOT EXISTS `optica`.`proveedor` (
  `id` INT NOT NULL AUTO_INCREMENT,
  `nombre` VARCHAR(255) NULL DEFAULT NULL,
  `telefono` VARCHAR(42) NULL DEFAULT NULL,
  `fax` VARCHAR(42) NULL DEFAULT NULL,
  `nif` VARCHAR(10) NULL DEFAULT NULL,
  `direccion_id` INT NOT NULL,
  PRIMARY KEY (`id`),
  UNIQUE INDEX `id` (`id` ASC) VISIBLE,
  UNIQUE INDEX `nif_UNIQUE` (`nif` ASC) VISIBLE,
  INDEX `fk_proveedor_direccion1_idx` (`direccion_id` ASC) VISIBLE,
  CONSTRAINT `fk_proveedor_direccion1`
    FOREIGN KEY (`direccion_id`)
    REFERENCES `optica`.`direccion` (`id`))
ENGINE = InnoDB
AUTO_INCREMENT = 51
DEFAULT CHARACTER SET = utf8mb4
COLLATE = utf8mb4_0900_ai_ci;
-- -----------------------------------------------------
-- Table `optica`.`gafas`
-- -----------------------------------------------------
DROP TABLE IF EXISTS `optica`.`gafas` ;
CREATE TABLE IF NOT EXISTS `optica`.`gafas` (
  `id` INT NOT NULL AUTO_INCREMENT,
  `graduacion_derecho` DECIMAL(10,2) NULL DEFAULT NULL,
  `graduacion_izquierdo` DECIMAL(10,2) NULL DEFAULT NULL,
  `precio` DECIMAL(10,2) NULL DEFAULT NULL,
  `marca_id` INT NOT NULL,
  `color_vidrio_der` INT NOT NULL,
  `color_vidrio_izq` INT NOT NULL,
  `color_montura` INT NOT NULL,
  `montura` ENUM('FLOTANTE', 'PLASTICA', 'METALICA') NULL DEFAULT NULL,
  PRIMARY KEY (`id`),
  UNIQUE INDEX `id` (`id` ASC) VISIBLE,
  INDEX `fk_gafas_marcas1_idx` (`marca_id` ASC) VISIBLE,
  INDEX `fk_gafas_colores1_idx` (`color_vidrio_der` ASC) VISIBLE,
  INDEX `fk_gafas_colores2_idx` (`color_vidrio_izq` ASC) VISIBLE,
  INDEX `fk_gafas_colores3_idx` (`color_montura` ASC) VISIBLE,
  CONSTRAINT `fk_gafas_colores1`
    FOREIGN KEY (`color_vidrio_der`)
    REFERENCES `optica`.`colores` (`id`),
  CONSTRAINT `fk_gafas_colores2`
    FOREIGN KEY (`color_vidrio_izq`)
    REFERENCES `optica`.`colores` (`id`),
  CONSTRAINT `fk_gafas_colores3`
    FOREIGN KEY (`color_montura`)
    REFERENCES `optica`.`colores` (`id`),
  CONSTRAINT `fk_gafas_marcas1`
    FOREIGN KEY (`marca_id`)
    REFERENCES `optica`.`marca` (`id`))
ENGINE = InnoDB
DEFAULT CHARACTER SET = utf8mb4
COLLATE = utf8mb4_0900_ai_ci;
-- -----------------------------------------------------
-- Table `optica`.`venta`
-- -----------------------------------------------------
DROP TABLE IF EXISTS `optica`.`venta` ;

CREATE TABLE IF NOT EXISTS `optica`.`venta` (
  `id` INT NOT NULL AUTO_INCREMENT,
  `fecha_venta` DATE NULL DEFAULT NULL,
  `cliente_id` INT NOT NULL,
  `gafa_id` INT NOT NULL,
  `empleado_id` INT NOT NULL,
  PRIMARY KEY (`id`),
  UNIQUE INDEX `id` (`id` ASC) VISIBLE,
  INDEX `gafa_id` (`gafa_id` ASC) VISIBLE,
  INDEX `fk_venta_empleado1_idx` (`empleado_id` ASC) VISIBLE,
  CONSTRAINT `venta_ibfk_1`
    FOREIGN KEY (`gafa_id`)
    REFERENCES `optica`.`gafas` (`id`),
  CONSTRAINT `venta_ibfk_4`
    FOREIGN KEY (`cliente_id`)
    REFERENCES `optica`.`cliente` (`id`),
  CONSTRAINT `fk_venta_empleado1`
    FOREIGN KEY (`empleado_id`)
    REFERENCES `optica`.`empleado` (`id`)
    ON DELETE NO ACTION
    ON UPDATE NO ACTION)
ENGINE = InnoDB
DEFAULT CHARACTER SET = utf8mb4
COLLATE = utf8mb4_0900_ai_ci;


SET SQL_MODE=@OLD_SQL_MODE;
SET FOREIGN_KEY_CHECKS=@OLD_FOREIGN_KEY_CHECKS;
SET UNIQUE_CHECKS=@OLD_UNIQUE_CHECKS;
-- -----------------------------------------------------
-- DATA FOR :`optica`.`colores`
-- -----------------------------------------------------
insert into colores (id, nombre) values (1, 'Red');
insert into colores (id, nombre) values (2, 'Puce');
insert into colores (id, nombre) values (3, 'Orange');
insert into colores (id, nombre) values (4, 'Puce');
insert into colores (id, nombre) values (5, 'Aquamarine');
insert into colores (id, nombre) values (6, 'Maroon');
insert into colores (id, nombre) values (7, 'Puce');
insert into colores (id, nombre) values (8, 'Purple');
insert into colores (id, nombre) values (9, 'Puce');
insert into colores (id, nombre) values (10, 'Pink');
insert into colores (id, nombre) values (11, 'Puce');
insert into colores (id, nombre) values (12, 'Puce');
insert into colores (id, nombre) values (13, 'Mauv');
insert into colores (id, nombre) values (14, 'Green');
insert into colores (id, nombre) values (15, 'Red');
insert into colores (id, nombre) values (16, 'Fuscia');
insert into colores (id, nombre) values (17, 'Fuscia');
insert into colores (id, nombre) values (18, 'Indigo');
insert into colores (id, nombre) values (19, 'Mauv');
insert into colores (id, nombre) values (20, 'Fuscia');
-- -----------------------------------------------------
-- DATA FOR :`optica`.`direccion`
-- -----------------------------------------------------
insert into direccion (id, calle, numero, piso_puerta, cp, ciudad, pais) values (1, 'Canary', '62', 'Apt 116', '5719', 'Santo Tomé', 'Argentina');
insert into direccion (id, calle, numero, piso_puerta, cp, ciudad, pais) values (2, 'Di Loreto', '0', 'Suite 13', '8029', 'Zwolle', 'Netherlands');
insert into direccion (id, calle, numero, piso_puerta, cp, ciudad, pais) values (3, 'Del Sol', '83053', 'Apt 930', '6513', 'Santa Fe', 'Philippines');
insert into direccion (id, calle, numero, piso_puerta, cp, ciudad, pais) values (4, 'Mockingbird', '24', 'Suite 27', null, 'Yingtou', 'China');
insert into direccion (id, calle, numero, piso_puerta, cp, ciudad, pais) values (5, 'Marquette', '342', '2nd Floor', '331 85', 'Värnamo', 'Sweden');
insert into direccion (id, calle, numero, piso_puerta, cp, ciudad, pais) values (6, 'Ilene', '4', '6th Floor', '444018', 'Fonseca', 'Colombia');
insert into direccion (id, calle, numero, piso_puerta, cp, ciudad, pais) values (7, 'High Crossing', '608', 'Apt 735', null, 'Sidon', 'Lebanon');
insert into direccion (id, calle, numero, piso_puerta, cp, ciudad, pais) values (8, 'Walton', '7327', 'Apt 1677', null, 'San Francisco', 'Venezuela');
insert into direccion (id, calle, numero, piso_puerta, cp, ciudad, pais) values (9, 'Vidon', '1197', '20th Floor', null, 'Bei’an', 'China');
insert into direccion (id, calle, numero, piso_puerta, cp, ciudad, pais) values (10, 'Hollow Ridge', '60939', 'PO Box 82464', '44706 CEDEX', 'Orvault', 'France');
insert into direccion (id, calle, numero, piso_puerta, cp, ciudad, pais) values (11, 'Darwin', '8447', 'Apt 439', null, 'Sihe', 'China');
insert into direccion (id, calle, numero, piso_puerta, cp, ciudad, pais) values (12, 'Fisk', '0533', 'Apt 861', null, 'Bandundu', 'Democratic Republic of the Congo');
insert into direccion (id, calle, numero, piso_puerta, cp, ciudad, pais) values (13, 'Becker', '84', 'Apt 499', null, 'Kailahun', 'Sierra Leone');
insert into direccion (id, calle, numero, piso_puerta, cp, ciudad, pais) values (14, 'West', '210', '3rd Floor', null, 'Zhize', 'China');
insert into direccion (id, calle, numero, piso_puerta, cp, ciudad, pais) values (15, 'Swallow', '82', 'PO Box 64517', '86-318', 'Rogóźno', 'Poland');
insert into direccion (id, calle, numero, piso_puerta, cp, ciudad, pais) values (16, 'Chive', '0499', 'Suite 53', null, 'Gedaliang', 'China');
insert into direccion (id, calle, numero, piso_puerta, cp, ciudad, pais) values (17, 'Brentwood', '40730', 'Room 73', null, 'Erba', 'China');
insert into direccion (id, calle, numero, piso_puerta, cp, ciudad, pais) values (18, 'Merrick', '10995', '9th Floor', '3360-257', 'Ribeira', 'Portugal');
insert into direccion (id, calle, numero, piso_puerta, cp, ciudad, pais) values (19, 'Vahlen', '416', 'Room 374', null, 'Sīrīs', 'Palestinian Territory');
insert into direccion (id, calle, numero, piso_puerta, cp, ciudad, pais) values (20, 'Hooker', '51421', 'Room 6', '690922', 'Russkiy', 'Russia');
insert into direccion (id, calle, numero, piso_puerta, cp, ciudad, pais) values (21, 'Hollow Ridge', '56884', 'PO Box 45165', '23120', 'Satun', 'Thailand');
insert into direccion (id, calle, numero, piso_puerta, cp, ciudad, pais) values (22, 'Boyd', '2', 'Suite 89', '32309', 'Tallahassee', 'United States');
insert into direccion (id, calle, numero, piso_puerta, cp, ciudad, pais) values (23, 'Kings', '8825', 'PO Box 1102', null, 'Zyryanovsk', 'Kazakhstan');
insert into direccion (id, calle, numero, piso_puerta, cp, ciudad, pais) values (24, 'Glacier Hill', '8616', 'Room 687', null, 'Xiachen', 'China');
insert into direccion (id, calle, numero, piso_puerta, cp, ciudad, pais) values (25, 'Sutteridge', '90437', 'Room 1321', null, 'Huaishu', 'China');
insert into direccion (id, calle, numero, piso_puerta, cp, ciudad, pais) values (26, 'Ryan', '52494', 'Suite 51', '9073', 'Klagenfurt am Wörthersee', 'Austria');
insert into direccion (id, calle, numero, piso_puerta, cp, ciudad, pais) values (27, 'Iowa', '755', 'PO Box 131', null, 'Konza', 'Kenya');
insert into direccion (id, calle, numero, piso_puerta, cp, ciudad, pais) values (28, 'Schiller', '40951', 'Suite 39', null, 'Pilpichaca', 'Peru');
insert into direccion (id, calle, numero, piso_puerta, cp, ciudad, pais) values (29, 'Green Ridge', '6', 'Apt 53', null, 'Chacapalpa', 'Peru');
insert into direccion (id, calle, numero, piso_puerta, cp, ciudad, pais) values (30, 'Westport', '40', 'Room 79', null, 'Krajan Curahcotok', 'Indonesia');
insert into direccion (id, calle, numero, piso_puerta, cp, ciudad, pais) values (31, 'Mockingbird', '15', '9th Floor', 'L-5687', 'Dalheim', 'Luxembourg');
insert into direccion (id, calle, numero, piso_puerta, cp, ciudad, pais) values (32, 'Meadow Valley', '18437', 'Room 1199', '5230', 'Bovec', 'Slovenia');
insert into direccion (id, calle, numero, piso_puerta, cp, ciudad, pais) values (33, 'Di Loreto', '1', '18th Floor', null, 'Miliangju', 'China');
insert into direccion (id, calle, numero, piso_puerta, cp, ciudad, pais) values (34, 'Onsgard', '8', 'Room 888', '142717', 'Vidnoye', 'Russia');
insert into direccion (id, calle, numero, piso_puerta, cp, ciudad, pais) values (35, 'Old Shore', '070', 'PO Box 99608', null, 'Napel', 'Indonesia');
insert into direccion (id, calle, numero, piso_puerta, cp, ciudad, pais) values (36, 'Donald', '367', 'Suite 20', null, 'Oltintopkan', 'Tajikistan');
insert into direccion (id, calle, numero, piso_puerta, cp, ciudad, pais) values (37, 'Arkansas', '498', 'PO Box 81870', '99490-000', 'Tapera', 'Brazil');
insert into direccion (id, calle, numero, piso_puerta, cp, ciudad, pais) values (38, 'Clove', '85760', 'PO Box 97917', 'D6W', 'Crumlin', 'Ireland');
insert into direccion (id, calle, numero, piso_puerta, cp, ciudad, pais) values (39, 'Hoard', '104', 'Room 636', '2785-366', 'Matarraque', 'Portugal');
insert into direccion (id, calle, numero, piso_puerta, cp, ciudad, pais) values (40, 'Rigney', '408', 'Room 1378', null, 'Medang', 'Indonesia');
insert into direccion (id, calle, numero, piso_puerta, cp, ciudad, pais) values (41, 'Riverside', '0604', 'Suite 88', null, 'Bum Bum', 'Venezuela');
insert into direccion (id, calle, numero, piso_puerta, cp, ciudad, pais) values (42, '3rd', '91688', 'Apt 1625', null, 'Nanpiao', 'China');
insert into direccion (id, calle, numero, piso_puerta, cp, ciudad, pais) values (43, 'Vidon', '476', 'PO Box 31003', null, 'Fengjia', 'China');
insert into direccion (id, calle, numero, piso_puerta, cp, ciudad, pais) values (44, 'Continental', '62', 'Room 979', null, 'Quốc Oai', 'Vietnam');
insert into direccion (id, calle, numero, piso_puerta, cp, ciudad, pais) values (45, 'Sauthoff', '6', '4th Floor', null, 'Ciracap', 'Indonesia');
insert into direccion (id, calle, numero, piso_puerta, cp, ciudad, pais) values (46, 'Dryden', '2502', 'PO Box 78795', null, 'Cauday', 'Peru');
insert into direccion (id, calle, numero, piso_puerta, cp, ciudad, pais) values (47, 'Hoffman', '34801', 'PO Box 35037', '45810-000', 'Porto Seguro', 'Brazil');
insert into direccion (id, calle, numero, piso_puerta, cp, ciudad, pais) values (48, 'Hallows', '39298', '1st Floor', null, 'Hengxianhe', 'China');
insert into direccion (id, calle, numero, piso_puerta, cp, ciudad, pais) values (49, 'Sutteridge', '3517', '8th Floor', '93300-000', 'Novo Hamburgo', 'Brazil');
insert into direccion (id, calle, numero, piso_puerta, cp, ciudad, pais) values (50, 'Carberry', '6', 'Suite 77', null, 'Noramarg', 'Armenia');
insert into direccion (id, calle, numero, piso_puerta, cp, ciudad, pais) values (51, 'Golf', '8', 'PO Box 65033', '74944 CEDEX', 'Annecy-le-Vieux', 'France');
insert into direccion (id, calle, numero, piso_puerta, cp, ciudad, pais) values (52, 'Valley Edge', '633', 'PO Box 87122', null, 'Montecristi', 'Ecuador');
insert into direccion (id, calle, numero, piso_puerta, cp, ciudad, pais) values (53, 'Evergreen', '968', 'Suite 15', null, 'Khānaqāh', 'Afghanistan');
insert into direccion (id, calle, numero, piso_puerta, cp, ciudad, pais) values (54, 'Browning', '07', 'Room 654', '95185-000', 'Carlos Barbosa', 'Brazil');
insert into direccion (id, calle, numero, piso_puerta, cp, ciudad, pais) values (55, 'Mosinee', '95', 'PO Box 68942', null, 'Al Maḩallah al Kubrá', 'Egypt');
insert into direccion (id, calle, numero, piso_puerta, cp, ciudad, pais) values (56, 'Lukken', '670', 'Suite 6', null, 'Tafraout', 'Morocco');
insert into direccion (id, calle, numero, piso_puerta, cp, ciudad, pais) values (57, 'Londonderry', '96', '13th Floor', null, 'Xixiang', 'China');
insert into direccion (id, calle, numero, piso_puerta, cp, ciudad, pais) values (58, 'Logan', '136', 'Apt 1860', null, 'Stari Lec', 'Serbia');
insert into direccion (id, calle, numero, piso_puerta, cp, ciudad, pais) values (59, 'Melody', '7', '8th Floor', '416507', 'Kuznechikha', 'Russia');
insert into direccion (id, calle, numero, piso_puerta, cp, ciudad, pais) values (60, 'Fairfield', '17', 'PO Box 67245', '15250', 'Khok Charoen', 'Thailand');
insert into direccion (id, calle, numero, piso_puerta, cp, ciudad, pais) values (61, 'Shoshone', '11', 'Apt 624', '18550-000', 'Boituva', 'Brazil');
insert into direccion (id, calle, numero, piso_puerta, cp, ciudad, pais) values (62, 'Vermont', '0148', 'Suite 34', null, 'Kurye', 'South Korea');
insert into direccion (id, calle, numero, piso_puerta, cp, ciudad, pais) values (63, 'Norway Maple', '75', 'Suite 51', '625516', 'Antipino', 'Russia');
insert into direccion (id, calle, numero, piso_puerta, cp, ciudad, pais) values (64, 'Golden Leaf', '0', 'Apt 1837', null, 'San Antonio del Monte', 'El Salvador');
insert into direccion (id, calle, numero, piso_puerta, cp, ciudad, pais) values (65, 'Paget', '0367', 'Suite 47', null, 'Axioúpoli', 'Greece');
insert into direccion (id, calle, numero, piso_puerta, cp, ciudad, pais) values (66, 'Cottonwood', '0', '10th Floor', '5060-016', 'Celeirós', 'Portugal');
insert into direccion (id, calle, numero, piso_puerta, cp, ciudad, pais) values (67, 'Gerald', '99758', 'Room 1382', '4515', 'Jovellar', 'Philippines');
insert into direccion (id, calle, numero, piso_puerta, cp, ciudad, pais) values (68, 'Sunbrook', '29643', 'Room 409', '818 31', 'Valbo', 'Sweden');
insert into direccion (id, calle, numero, piso_puerta, cp, ciudad, pais) values (69, 'Schiller', '64362', 'PO Box 34820', null, 'Cimuncang', 'Indonesia');
insert into direccion (id, calle, numero, piso_puerta, cp, ciudad, pais) values (70, 'Karstens', '18', '19th Floor', null, 'Krajan Gading', 'Indonesia');
insert into direccion (id, calle, numero, piso_puerta, cp, ciudad, pais) values (71, 'Lake View', '878', 'Room 596', '38319 CEDEX', 'Bourgoin-Jallieu', 'France');
insert into direccion (id, calle, numero, piso_puerta, cp, ciudad, pais) values (72, 'Becker', '6361', 'PO Box 24198', '3483', 'Loreto', 'Argentina');
insert into direccion (id, calle, numero, piso_puerta, cp, ciudad, pais) values (73, 'Stoughton', '0724', 'PO Box 82204', null, 'Al ‘Alamayn', 'Egypt');
insert into direccion (id, calle, numero, piso_puerta, cp, ciudad, pais) values (74, 'Golf', '9', 'Apt 99', '44830-000', 'Piritiba', 'Brazil');
insert into direccion (id, calle, numero, piso_puerta, cp, ciudad, pais) values (75, 'Bunker Hill', '6', 'Suite 56', null, 'Ngromo', 'Indonesia');
insert into direccion (id, calle, numero, piso_puerta, cp, ciudad, pais) values (76, 'Quincy', '0982', '9th Floor', null, 'Huzhuang', 'China');
insert into direccion (id, calle, numero, piso_puerta, cp, ciudad, pais) values (77, 'Beilfuss', '41', 'Apt 187', null, 'Ngoc Hon Doc', 'Vietnam');
insert into direccion (id, calle, numero, piso_puerta, cp, ciudad, pais) values (78, 'Northwestern', '81', 'Suite 96', null, 'Chignayhua', 'Peru');
insert into direccion (id, calle, numero, piso_puerta, cp, ciudad, pais) values (79, 'La Follette', '4470', 'Room 15', '2425-417', 'Carpalho', 'Portugal');
insert into direccion (id, calle, numero, piso_puerta, cp, ciudad, pais) values (80, 'Blue Bill Park', '8', 'Room 1767', '2021', 'Mexico', 'Philippines');
insert into direccion (id, calle, numero, piso_puerta, cp, ciudad, pais) values (81, 'Nancy', '293', 'PO Box 7658', '4765-135', 'Pedome', 'Portugal');
insert into direccion (id, calle, numero, piso_puerta, cp, ciudad, pais) values (82, 'Goodland', '63', 'Room 159', '6414', 'Tabonoc', 'Philippines');
insert into direccion (id, calle, numero, piso_puerta, cp, ciudad, pais) values (83, 'Monument', '58', 'PO Box 40490', null, 'Karangpaningal', 'Indonesia');
insert into direccion (id, calle, numero, piso_puerta, cp, ciudad, pais) values (84, 'Roxbury', '9082', 'Apt 272', null, 'Bokor', 'Indonesia');
insert into direccion (id, calle, numero, piso_puerta, cp, ciudad, pais) values (85, 'Carioca', '94', 'PO Box 39803', null, 'Guzhan', 'China');
insert into direccion (id, calle, numero, piso_puerta, cp, ciudad, pais) values (86, 'Washington', '6856', 'Suite 89', null, 'Mesopotam', 'Albania');
insert into direccion (id, calle, numero, piso_puerta, cp, ciudad, pais) values (87, 'Del Mar', '56139', 'Suite 77', '118 65', 'Stockholm', 'Sweden');
insert into direccion (id, calle, numero, piso_puerta, cp, ciudad, pais) values (88, 'Main', '44356', '9th Floor', null, 'Nankai', 'China');
insert into direccion (id, calle, numero, piso_puerta, cp, ciudad, pais) values (89, 'Riverside', '932', 'Room 81', '87201', 'Albuquerque', 'United States');
insert into direccion (id, calle, numero, piso_puerta, cp, ciudad, pais) values (90, 'Mitchell', '1859', '2nd Floor', '6516', 'Panalanoy', 'Philippines');
insert into direccion (id, calle, numero, piso_puerta, cp, ciudad, pais) values (91, 'Miller', '1', 'Apt 990', '8045', 'Melbourne', 'Australia');
insert into direccion (id, calle, numero, piso_puerta, cp, ciudad, pais) values (92, 'Northport', '62', 'PO Box 30517', null, 'Jiuzihe', 'China');
insert into direccion (id, calle, numero, piso_puerta, cp, ciudad, pais) values (93, 'Hayes', '357', 'Suite 94', '10131', 'Río Limpio', 'Dominican Republic');
insert into direccion (id, calle, numero, piso_puerta, cp, ciudad, pais) values (94, 'Goodland', '1', 'Apt 1540', null, 'Yelenendorf', 'Azerbaijan');
insert into direccion (id, calle, numero, piso_puerta, cp, ciudad, pais) values (95, 'Miller', '027', 'Suite 6', 'J9E', 'Maniwaki', 'Canada');
insert into direccion (id, calle, numero, piso_puerta, cp, ciudad, pais) values (96, 'Petterle', '50', 'Apt 1421', null, 'Klyetsk', 'Belarus');
insert into direccion (id, calle, numero, piso_puerta, cp, ciudad, pais) values (97, 'Maple Wood', '5', '1st Floor', null, 'Ash Shuqayrah', 'Yemen');
insert into direccion (id, calle, numero, piso_puerta, cp, ciudad, pais) values (98, 'Dwight', '15', 'Room 418', null, 'Motge', 'China');
insert into direccion (id, calle, numero, piso_puerta, cp, ciudad, pais) values (99, 'Dixon', '637', '7th Floor', '633260', 'Ordynskoye', 'Russia');
insert into direccion (id, calle, numero, piso_puerta, cp, ciudad, pais) values (100, 'Green Ridge', '35922', 'Suite 62', null, 'Zhangdun', 'China');
insert into direccion (id, calle, numero, piso_puerta, cp, ciudad, pais) values (101, 'Darwin', '15', 'PO Box 67929', null, 'Bendorubuh', 'Indonesia');
insert into direccion (id, calle, numero, piso_puerta, cp, ciudad, pais) values (102, 'Everett', '60581', 'PO Box 58212', null, 'Dachang', 'China');
insert into direccion (id, calle, numero, piso_puerta, cp, ciudad, pais) values (103, 'Maryland', '3161', 'Suite 75', null, 'Tangzhai', 'China');
insert into direccion (id, calle, numero, piso_puerta, cp, ciudad, pais) values (104, 'Evergreen', '76104', 'PO Box 42241', null, 'Tuateta', 'Indonesia');
insert into direccion (id, calle, numero, piso_puerta, cp, ciudad, pais) values (105, 'Morningstar', '6', '4th Floor', null, 'Timahankrajan', 'Indonesia');
insert into direccion (id, calle, numero, piso_puerta, cp, ciudad, pais) values (106, 'Walton', '4542', 'PO Box 18622', null, 'Mandeman Daya', 'Indonesia');
insert into direccion (id, calle, numero, piso_puerta, cp, ciudad, pais) values (107, 'Surrey', '1789', 'PO Box 86508', null, 'Fujia', 'China');
insert into direccion (id, calle, numero, piso_puerta, cp, ciudad, pais) values (108, 'Butterfield', '4005', 'Room 1424', null, 'Revava', 'Israel');
insert into direccion (id, calle, numero, piso_puerta, cp, ciudad, pais) values (109, 'Mandrake', '48849', 'Suite 85', '811-2405', 'Sasaguri', 'Japan');
insert into direccion (id, calle, numero, piso_puerta, cp, ciudad, pais) values (110, 'Esker', '42541', 'Suite 21', '249929', 'Yukhnov', 'Russia');
-- -----------------------------------------------------
-- DATA FOR :`optica`.`cliente`
-- -----------------------------------------------------
insert into cliente (id, nombre, telefono, email, fecha_registro, direccion_id, recomendacion_id) values (1, 'Lenna', '(205) 7695352', 'lmathes0@tumblr.com', '2022-10-27', 1, null);
insert into cliente (id, nombre, telefono, email, fecha_registro, direccion_id, recomendacion_id) values (2, 'Timmie', '(732) 1561141', 'tgirkin1@vkontakte.ru', '2022-07-29', 2, null);
insert into cliente (id, nombre, telefono, email, fecha_registro, direccion_id, recomendacion_id) values (3, 'Fin', '(202) 9165417', 'flemmertz2@histats.com', '2022-07-04', 3, null);
insert into cliente (id, nombre, telefono, email, fecha_registro, direccion_id, recomendacion_id) values (4, 'Gabriel', '(279) 9410655', 'gcrevagh3@google.it', '2023-01-26', 4, null);
insert into cliente (id, nombre, telefono, email, fecha_registro, direccion_id, recomendacion_id) values (5, 'Cobbie', '(431) 7499593', 'cfoat4@etsy.com', '2022-03-02', 5, null);
insert into cliente (id, nombre, telefono, email, fecha_registro, direccion_id, recomendacion_id) values (6, 'Hetti', '(114) 1938967', 'hbeecraft5@mtv.com', '2022-04-13', 6, null);
insert into cliente (id, nombre, telefono, email, fecha_registro, direccion_id, recomendacion_id) values (7, 'Candra', '(268) 1426254', 'cjonke6@deliciousdays.com', '2022-08-23', 7, null);
insert into cliente (id, nombre, telefono, email, fecha_registro, direccion_id, recomendacion_id) values (8, 'Sascha', '(948) 7738585', 'sboxall7@infoseek.co.jp', '2022-02-22', 8, null);
insert into cliente (id, nombre, telefono, email, fecha_registro, direccion_id, recomendacion_id) values (9, 'Fields', '(799) 8565979', 'fbleeze8@ycombinator.com', '2022-09-22', 9, null);
insert into cliente (id, nombre, telefono, email, fecha_registro, direccion_id, recomendacion_id) values (10, 'Spence', '(410) 8283288', 'sdunnet9@nytimes.com', '2022-03-19', 10, null);
insert into cliente (id, nombre, telefono, email, fecha_registro, direccion_id, recomendacion_id) values (11, 'Stirling', '(901) 1797460', 'sguilberta@privacy.gov.au', '2022-03-06', 11, null);
insert into cliente (id, nombre, telefono, email, fecha_registro, direccion_id, recomendacion_id) values (12, 'Rochella', '(492) 8115139', 'rgarfirthb@springer.com', '2022-03-19', 12, null);
insert into cliente (id, nombre, telefono, email, fecha_registro, direccion_id, recomendacion_id) values (13, 'Fancie', '(320) 5274660', 'fvakhoninc@google.co.uk', '2023-02-16', 13, null);
insert into cliente (id, nombre, telefono, email, fecha_registro, direccion_id, recomendacion_id) values (14, 'Beckie', '(233) 7839092', 'bbrickelld@cnn.com', '2022-09-10', 14, null);
insert into cliente (id, nombre, telefono, email, fecha_registro, direccion_id, recomendacion_id) values (15, 'Willdon', '(575) 6342616', 'wdesimonie@globo.com', '2022-03-12', 15, null);
insert into cliente (id, nombre, telefono, email, fecha_registro, direccion_id, recomendacion_id) values (16, 'Maria', '(584) 2729486', 'mokelleherf@delicious.com', '2023-01-01', 16, null);
insert into cliente (id, nombre, telefono, email, fecha_registro, direccion_id, recomendacion_id) values (17, 'Blayne', '(361) 2100074', 'boheneghang@imageshack.us', '2022-04-23', 17, null);
insert into cliente (id, nombre, telefono, email, fecha_registro, direccion_id, recomendacion_id) values (18, 'John', '(954) 8519255', 'jbaldassih@wsj.com', '2022-05-25', 18,null);
insert into cliente (id, nombre, telefono, email, fecha_registro, direccion_id, recomendacion_id) values (19, 'Cullen', '(286) 4935648', 'crowlstonei@booking.com', '2023-01-30', 19, null);
insert into cliente (id, nombre, telefono, email, fecha_registro, direccion_id, recomendacion_id) values (20, 'Isabelita', '(262) 1755090', 'iferrimanj@nbcnews.com', '2022-10-29', 20, null);
insert into cliente (id, nombre, telefono, email, fecha_registro, direccion_id, recomendacion_id) values (21, 'Franni', '(921) 2997387', 'fdaltreyk@theglobeandmail.com', '2022-02-26', 21, null);
insert into cliente (id, nombre, telefono, email, fecha_registro, direccion_id, recomendacion_id) values (22, 'Gilburt', '(189) 2151043', 'gsummersl@nba.com', '2023-01-01', 22, null);
insert into cliente (id, nombre, telefono, email, fecha_registro, direccion_id, recomendacion_id) values (23, 'Kassandra', '(554) 5457889', 'kdonoherm@nytimes.com', '2022-05-03', 23, null);
insert into cliente (id, nombre, telefono, email, fecha_registro, direccion_id, recomendacion_id) values (24, 'Garvey', '(273) 2169293', 'gpavolillon@imageshack.us', '2022-09-10', 24, null);
insert into cliente (id, nombre, telefono, email, fecha_registro, direccion_id, recomendacion_id) values (25, 'Haskel', '(799) 6940551', 'hlodovichio@about.com', '2022-02-23', 25, null);
insert into cliente (id, nombre, telefono, email, fecha_registro, direccion_id, recomendacion_id) values (26, 'Tremayne', '(535) 1250633', 'tpuesp@psu.edu', '2022-08-30', 26, null);
insert into cliente (id, nombre, telefono, email, fecha_registro, direccion_id, recomendacion_id) values (27, 'Bary', '(224) 8232403', 'bguinnaneq@mtv.com', '2023-02-17', 27, null);
insert into cliente (id, nombre, telefono, email, fecha_registro, direccion_id, recomendacion_id) values (28, 'Olvan', '(519) 7095637', 'okilcullenr@clickbank.net', '2022-05-24', 28, null);
insert into cliente (id, nombre, telefono, email, fecha_registro, direccion_id, recomendacion_id) values (29, 'Cherey', '(995) 1741928', 'cchaters@omniture.com', '2023-01-22', 29, null);
insert into cliente (id, nombre, telefono, email, fecha_registro, direccion_id, recomendacion_id) values (30, 'Fayre', '(853) 5375498', 'fdabernottt@multiply.com', '2022-07-08', 30,null);
insert into cliente (id, nombre, telefono, email, fecha_registro, direccion_id, recomendacion_id) values (31, 'Shari', '(870) 8180113', 'sgomersalu@tinypic.com', '2022-10-07', 31, null);
insert into cliente (id, nombre, telefono, email, fecha_registro, direccion_id, recomendacion_id) values (32, 'Minnnie', '(325) 9452341', 'mpackerv@fastcompany.com', '2022-07-21', 32, null);
insert into cliente (id, nombre, telefono, email, fecha_registro, direccion_id, recomendacion_id) values (33, 'Teodorico', '(962) 6774533', 'tduffanw@pcworld.com', '2022-06-21', 33,null);
insert into cliente (id, nombre, telefono, email, fecha_registro, direccion_id, recomendacion_id) values (34, 'Holli', '(865) 6321226', 'hrodenburghx@webmd.com', '2022-11-15', 34, null);
insert into cliente (id, nombre, telefono, email, fecha_registro, direccion_id, recomendacion_id) values (35, 'Alford', '(688) 2795436', 'awakleyy@smugmug.com', '2022-04-25', 35, null);
insert into cliente (id, nombre, telefono, email, fecha_registro, direccion_id, recomendacion_id) values (36, 'Raimundo', '(522) 1477319', 'rrosenbergz@sun.com', '2022-07-29', 36, null);
insert into cliente (id, nombre, telefono, email, fecha_registro, direccion_id, recomendacion_id) values (37, 'Sumner', '(789) 2490114', 'sknibley10@xrea.com', '2023-02-17', 37,null);
insert into cliente (id, nombre, telefono, email, fecha_registro, direccion_id, recomendacion_id) values (38, 'Francoise', '(781) 6737307', 'fdurno11@tamu.edu', '2023-02-11', 38, null);
insert into cliente (id, nombre, telefono, email, fecha_registro, direccion_id, recomendacion_id) values (39, 'Trev', '(565) 2214708', 'tfray12@google.it', '2022-03-05', 39, null);
insert into cliente (id, nombre, telefono, email, fecha_registro, direccion_id, recomendacion_id) values (40, 'Kennedy', '(464) 2736741', 'kbigham13@lulu.com', '2022-02-25', 40, null);
insert into cliente (id, nombre, telefono, email, fecha_registro, direccion_id, recomendacion_id) values (41, 'Scottie', '(111) 6118975', 'scatterell14@shutterfly.com', '2022-06-07', 41, null);
insert into cliente (id, nombre, telefono, email, fecha_registro, direccion_id, recomendacion_id) values (42, 'Julee', '(913) 2556068', 'jpalfree15@nhs.uk', '2023-02-10', 42, null);
insert into cliente (id, nombre, telefono, email, fecha_registro, direccion_id, recomendacion_id) values (43, 'Germayne', '(415) 6267275', 'gdelyth16@arizona.edu', '2022-08-09', 43, null);
insert into cliente (id, nombre, telefono, email, fecha_registro, direccion_id, recomendacion_id) values (44, 'Kira', '(408) 4880561', 'kpaumier17@nih.gov', '2022-03-27', 44, null);
insert into cliente (id, nombre, telefono, email, fecha_registro, direccion_id, recomendacion_id) values (45, 'Emylee', '(263) 4294922', 'eridpath18@netscape.com', '2022-11-17', 45, null);
insert into cliente (id, nombre, telefono, email, fecha_registro, direccion_id, recomendacion_id) values (46, 'Koenraad', '(131) 4952510', 'kupshall19@vkontakte.ru', '2022-08-22', 46, null);
insert into cliente (id, nombre, telefono, email, fecha_registro, direccion_id, recomendacion_id) values (47, 'Gustav', '(680) 4792500', 'gsausman1a@imdb.com', '2022-06-18', 47, null);
insert into cliente (id, nombre, telefono, email, fecha_registro, direccion_id, recomendacion_id) values (48, 'Arabelle', '(147) 2663193', 'agoodluck1b@1688.com', '2022-04-17', 48, null);
insert into cliente (id, nombre, telefono, email, fecha_registro, direccion_id, recomendacion_id) values (49, 'Levey', '(296) 9754252', 'ltakle1c@ebay.com', '2022-10-30', 49, null);
insert into cliente (id, nombre, telefono, email, fecha_registro, direccion_id, recomendacion_id) values (50, 'Sydelle', '(709) 6408186', 'sbowmaker1d@naver.com', '2022-03-14', 50, null);
insert into cliente (id, nombre, telefono, email, fecha_registro, direccion_id, recomendacion_id) values (51, 'Fiorenze', '(942) 2195889', 'fmccandless1e@cnn.com', '2022-08-31', 51, null);
insert into cliente (id, nombre, telefono, email, fecha_registro, direccion_id, recomendacion_id) values (52, 'Ade', '(855) 5122478', 'ageertsen1f@gizmodo.com', '2022-04-20', 52, null);
insert into cliente (id, nombre, telefono, email, fecha_registro, direccion_id, recomendacion_id) values (53, 'Robin', '(283) 9843499', 'rearingey1g@scientificamerican.com', '2022-02-24', 53, null);
insert into cliente (id, nombre, telefono, email, fecha_registro, direccion_id, recomendacion_id) values (54, 'Ignatius', '(280) 4262792', 'ieggers1h@thetimes.co.uk', '2023-01-04', 54, null);
insert into cliente (id, nombre, telefono, email, fecha_registro, direccion_id, recomendacion_id) values (55, 'Derek', '(808) 9258872', 'dneilands1i@gnu.org', '2022-04-13', 55, null);
insert into cliente (id, nombre, telefono, email, fecha_registro, direccion_id, recomendacion_id) values (56, 'Jewel', '(113) 7607389', 'jbryan1j@google.ca', '2022-11-19', 56, null);
insert into cliente (id, nombre, telefono, email, fecha_registro, direccion_id, recomendacion_id) values (57, 'Lorrie', '(559) 1229886', 'llefleming1k@ovh.net', '2022-02-26', 57, null);
insert into cliente (id, nombre, telefono, email, fecha_registro, direccion_id, recomendacion_id) values (58, 'Ermentrude', '(544) 9528263', 'estopforth1l@disqus.com', '2022-08-03', 58, null);
insert into cliente (id, nombre, telefono, email, fecha_registro, direccion_id, recomendacion_id) values (59, 'Amalia', '(770) 6151521', 'ahourican1m@guardian.co.uk', '2022-07-28', 59, null);
insert into cliente (id, nombre, telefono, email, fecha_registro, direccion_id, recomendacion_id) values (60, 'Salvatore', '(264) 2808836', 'sleathers1n@zimbio.com', '2022-09-14', 60, null);
insert into cliente (id, nombre, telefono, email, fecha_registro, direccion_id, recomendacion_id) values (61, 'Davie', '(739) 5510611', 'ddacre1o@facebook.com', '2022-11-20', 61, null);
insert into cliente (id, nombre, telefono, email, fecha_registro, direccion_id, recomendacion_id) values (62, 'Christoper', '(994) 2361988', 'callbut1p@blogspot.com', '2022-05-30', 62, null);
insert into cliente (id, nombre, telefono, email, fecha_registro, direccion_id, recomendacion_id) values (63, 'Aubry', '(741) 3026671', 'awinkell1q@canalblog.com', '2022-03-06', 63,null);
insert into cliente (id, nombre, telefono, email, fecha_registro, direccion_id, recomendacion_id) values (64, 'Nanine', '(877) 5601396', 'nmiddlebrook1r@so-net.ne.jp', '2022-07-06', 64,null);
insert into cliente (id, nombre, telefono, email, fecha_registro, direccion_id, recomendacion_id) values (65, 'Casey', '(420) 4818002', 'cmccafferty1s@slideshare.net', '2022-08-02', 65, null);
insert into cliente (id, nombre, telefono, email, fecha_registro, direccion_id, recomendacion_id) values (66, 'Cyrill', '(647) 8101760', 'ceckhard1t@privacy.gov.au', '2022-03-01', 66, null);
insert into cliente (id, nombre, telefono, email, fecha_registro, direccion_id, recomendacion_id) values (67, 'Brandy', '(548) 6574437', 'bhailes1u@liveinternet.ru', '2022-05-08', 67, null);
insert into cliente (id, nombre, telefono, email, fecha_registro, direccion_id, recomendacion_id) values (68, 'Gordan', '(537) 4931619', 'gfysh1v@ox.ac.uk', '2022-03-23', 68, null);
insert into cliente (id, nombre, telefono, email, fecha_registro, direccion_id, recomendacion_id) values (69, 'Nolana', '(612) 6921203', 'nvassano1w@is.gd', '2023-01-05', 69, null);
insert into cliente (id, nombre, telefono, email, fecha_registro, direccion_id, recomendacion_id) values (70, 'Rayshell', '(476) 1524721', 'rwehnerr1x@vinaora.com', '2023-02-05', 70, null);
insert into cliente (id, nombre, telefono, email, fecha_registro, direccion_id, recomendacion_id) values (71, 'Melitta', '(581) 7920112', 'mguihen1y@cnbc.com', '2022-06-06', 71, null);
insert into cliente (id, nombre, telefono, email, fecha_registro, direccion_id, recomendacion_id) values (72, 'Roselia', '(656) 6175006', 'rcronkshaw1z@cbslocal.com', '2022-07-23', 72, null);
insert into cliente (id, nombre, telefono, email, fecha_registro, direccion_id, recomendacion_id) values (73, 'Heindrick', '(393) 9618667', 'hcallender20@sbwire.com', '2022-11-04', 73, null);
insert into cliente (id, nombre, telefono, email, fecha_registro, direccion_id, recomendacion_id) values (74, 'Esdras', '(123) 3389821', 'estrowthers21@unc.edu', '2022-06-23', 74, null);
insert into cliente (id, nombre, telefono, email, fecha_registro, direccion_id, recomendacion_id) values (75, 'Carmelia', '(484) 2545851', 'cciotto22@amazonaws.com', '2022-04-22', 75, null);
insert into cliente (id, nombre, telefono, email, fecha_registro, direccion_id, recomendacion_id) values (76, 'Stephannie', '(132) 8682521', 'sbartalin23@elegantthemes.com', '2023-01-03', 76, null);
insert into cliente (id, nombre, telefono, email, fecha_registro, direccion_id, recomendacion_id) values (77, 'Sharlene', '(322) 1178895', 'sfelipe24@java.com', '2022-03-09', 77, null);
insert into cliente (id, nombre, telefono, email, fecha_registro, direccion_id, recomendacion_id) values (78, 'Herschel', '(540) 3518726', 'hmillward25@vk.com', '2022-05-11', 78, null);
insert into cliente (id, nombre, telefono, email, fecha_registro, direccion_id, recomendacion_id) values (79, 'Gilli', '(388) 5590253', 'grobbel26@youku.com', '2022-05-25', 79, null);
insert into cliente (id, nombre, telefono, email, fecha_registro, direccion_id, recomendacion_id) values (80, 'Yvette', '(758) 2821027', 'yfallanche27@cbc.ca', '2022-02-22', 80, null);
insert into cliente (id, nombre, telefono, email, fecha_registro, direccion_id, recomendacion_id) values (81, 'Dolf', '(391) 1838878', 'dshillabear28@bing.com', '2022-12-26', 81, null);
insert into cliente (id, nombre, telefono, email, fecha_registro, direccion_id, recomendacion_id) values (82, 'Peri', '(331) 8602116', 'plumsdall29@nymag.com', '2022-06-14', 82, null);
insert into cliente (id, nombre, telefono, email, fecha_registro, direccion_id, recomendacion_id) values (83, 'Dion', '(378) 9548384', 'dhumerstone2a@addtoany.com', '2022-08-21', 83, null);
insert into cliente (id, nombre, telefono, email, fecha_registro, direccion_id, recomendacion_id) values (84, 'Brittne', '(859) 9143533', 'bhawkridge2b@hao123.com', '2022-08-17', 84, null);
insert into cliente (id, nombre, telefono, email, fecha_registro, direccion_id, recomendacion_id) values (85, 'Nehemiah', '(856) 8833736', 'nnutkins2c@arstechnica.com', '2022-05-23', 85, null);
insert into cliente (id, nombre, telefono, email, fecha_registro, direccion_id, recomendacion_id) values (86, 'Halley', '(328) 3655309', 'hbamsey2d@hexun.com', '2022-09-29', 86, null);
insert into cliente (id, nombre, telefono, email, fecha_registro, direccion_id, recomendacion_id) values (87, 'Trevor', '(749) 4243893', 'tyeldon2e@accuweather.com', '2022-11-01', 87, null);
insert into cliente (id, nombre, telefono, email, fecha_registro, direccion_id, recomendacion_id) values (88, 'Ferrell', '(624) 3438122', 'fgrono2f@unicef.org', '2023-01-20', 88, null);
insert into cliente (id, nombre, telefono, email, fecha_registro, direccion_id, recomendacion_id) values (89, 'Merna', '(804) 2885005', 'myesipov2g@aol.com', '2022-04-08', 89, null);
insert into cliente (id, nombre, telefono, email, fecha_registro, direccion_id, recomendacion_id) values (90, 'Carly', '(249) 5867789', 'cbaston2h@nsw.gov.au', '2022-03-14', 90, null);
insert into cliente (id, nombre, telefono, email, fecha_registro, direccion_id, recomendacion_id) values (91, 'Gabriela', '(923) 1963937', 'gmerioth2i@hao123.com', '2022-11-17', 91, null);
insert into cliente (id, nombre, telefono, email, fecha_registro, direccion_id, recomendacion_id) values (92, 'Clovis', '(479) 3488503', 'cburtwell2j@whitehouse.gov', '2023-01-10', 92, null);
insert into cliente (id, nombre, telefono, email, fecha_registro, direccion_id, recomendacion_id) values (93, 'Clementius', '(884) 3498395', 'cplaunch2k@businessinsider.com', '2023-01-20', 93, null);
insert into cliente (id, nombre, telefono, email, fecha_registro, direccion_id, recomendacion_id) values (94, 'Riane', '(524) 1476245', 'rquigg2l@blogger.com', '2022-03-02', 94, null);
insert into cliente (id, nombre, telefono, email, fecha_registro, direccion_id, recomendacion_id) values (95, 'Gabrielle', '(621) 4517102', 'gfinker2m@wired.com', '2023-01-02', 95, null);
insert into cliente (id, nombre, telefono, email, fecha_registro, direccion_id, recomendacion_id) values (96, 'Michaela', '(337) 5047925', 'mcrippell2n@ucla.edu', '2022-06-24', 96, null);
insert into cliente (id, nombre, telefono, email, fecha_registro, direccion_id, recomendacion_id) values (97, 'Dion', '(369) 3028825', 'dbrugsma2o@dmoz.org', '2022-06-11', 97, null);
insert into cliente (id, nombre, telefono, email, fecha_registro, direccion_id, recomendacion_id) values (98, 'Townsend', '(802) 4965104', 'tgarnsey2p@yale.edu', '2022-04-05', 98, null);
insert into cliente (id, nombre, telefono, email, fecha_registro, direccion_id, recomendacion_id) values (99, 'Ivan', '(337) 1216910', 'ilampens2q@facebook.com', '2022-11-04', 99, null);
insert into cliente (id, nombre, telefono, email, fecha_registro, direccion_id, recomendacion_id) values (100, 'Debbie', '(214) 8234430', 'ddurling2r@youtu.be', '2022-11-06', 100, null);
-- -----------------------------------------------------
-- DATA FOR :`optica`.`empleado`
-- -----------------------------------------------------
insert into empleado (id, nombre) values (1, 'Melli Bastow');
insert into empleado (id, nombre) values (2, 'Cinda Smithies');
insert into empleado (id, nombre) values (3, 'Erminie Petrus');
insert into empleado (id, nombre) values (4, 'Livy Hurdis');
insert into empleado (id, nombre) values (5, 'Ronnica Pryce');
insert into empleado (id, nombre) values (6, 'Gabriela Kleimt');
insert into empleado (id, nombre) values (7, 'Verile Powland');
insert into empleado (id, nombre) values (8, 'Keefe Ransfield');
insert into empleado (id, nombre) values (9, 'Fianna Shilito');
insert into empleado (id, nombre) values (10, 'Corene Salomon');
insert into empleado (id, nombre) values (11, 'Lay Bagehot');
insert into empleado (id, nombre) values (12, 'Karin Romagnosi');
insert into empleado (id, nombre) values (13, 'Riannon Cottom');
insert into empleado (id, nombre) values (14, 'Kessiah Ferroni');
insert into empleado (id, nombre) values (15, 'Miles Currey');
insert into empleado (id, nombre) values (16, 'Jeannine Turbayne');
insert into empleado (id, nombre) values (17, 'Hermine Parham');
insert into empleado (id, nombre) values (18, 'Lek Branthwaite');
insert into empleado (id, nombre) values (19, 'Pavla Smalles');
insert into empleado (id, nombre) values (20, 'Adel Snoddon');
insert into empleado (id, nombre) values (21, 'Mallissa Ceillier');
insert into empleado (id, nombre) values (22, 'Pepito Leve');
insert into empleado (id, nombre) values (23, 'Gay Simmens');
insert into empleado (id, nombre) values (24, 'Tanny Lain');
insert into empleado (id, nombre) values (25, 'Kimmie Betts');
insert into empleado (id, nombre) values (26, 'Winslow Simkovich');
insert into empleado (id, nombre) values (27, 'Trix Abazi');
insert into empleado (id, nombre) values (28, 'Odella Coppens');
insert into empleado (id, nombre) values (29, 'Hallsy Buttery');
insert into empleado (id, nombre) values (30, 'Drugi Goligly');
-- -----------------------------------------------------
-- DATA FOR :`optica`.`proveedor`
-- -----------------------------------------------------
insert into proveedor (id, nombre, telefono, fax, nif, direccion_id) values (1, 'Thea Kivlehan', '672-281-5846', '342-590-5070', '67-0299065', 101);
insert into proveedor (id, nombre, telefono, fax, nif, direccion_id) values (2, 'Yorker Marlin', '649-699-0975', '792-575-4137', '47-1724751', 102);
insert into proveedor (id, nombre, telefono, fax, nif, direccion_id) values (3, 'Brynne Fynan', '503-923-7030', '333-377-7936', '92-5694642', 103);
insert into proveedor (id, nombre, telefono, fax, nif, direccion_id) values (4, 'Mignon Atcherley', '476-801-3537', '585-739-9268', '62-0466005', 104);
insert into proveedor (id, nombre, telefono, fax, nif, direccion_id) values (5, 'Thomasa Phillins', '351-768-4878', '471-859-3027', '07-5398592', 105);
insert into proveedor (id, nombre, telefono, fax, nif, direccion_id) values (6, 'Piper Hobbema', '422-161-7686', '915-235-9322', '01-1892018', 106);
insert into proveedor (id, nombre, telefono, fax, nif, direccion_id) values (7, 'Pennie Windrass', '619-900-0170', '126-609-4378', '60-5033653', 107);
insert into proveedor (id, nombre, telefono, fax, nif, direccion_id) values (8, 'Terry Smedley', '536-496-0687', '907-658-6779', '66-4019860', 108);
insert into proveedor (id, nombre, telefono, fax, nif, direccion_id) values (9, 'Gwen Broe', '169-510-2317', '665-734-9261', '32-6026623', 109);
insert into proveedor (id, nombre, telefono, fax, nif, direccion_id) values (10, 'Inger Sibbe', '967-156-9206', '140-410-8815', '57-9839959', 110);
-- -----------------------------------------------------
-- DATA FOR :`optica`.`marca`
-- -----------------------------------------------------
insert into marca (id, nombre, proveedor_id) values (1, 'Polocaine', 4);
insert into marca (id, nombre, proveedor_id) values (2, 'Infectistat', 8);
insert into marca (id, nombre, proveedor_id) values (3, 'Venlafaxine Hydrochloride', 3);
insert into marca (id, nombre, proveedor_id) values (4, 'Enoxaparin Sodium', 8);
insert into marca (id, nombre, proveedor_id) values (5, 'CEDAX', 8);
insert into marca (id, nombre, proveedor_id) values (6, 'Repaglinide', 3);
insert into marca (id, nombre, proveedor_id) values (7, 'ibuprofen', 1);
insert into marca (id, nombre, proveedor_id) values (8, 'Jason Powersmile Anticavity ,Whitening Powerful Peppermint', 7);
insert into marca (id, nombre, proveedor_id) values (9, 'Yat Tip Xiao', 3);
insert into marca (id, nombre, proveedor_id) values (10, 'BeeGentle', 5);
insert into marca (id, nombre, proveedor_id) values (11, 'COUMADIN', 5);
insert into marca (id, nombre, proveedor_id) values (12, 'HILL COUNTRY ESSENTIALS', 6);
insert into marca (id, nombre, proveedor_id) values (13, 'Luxiq', 3);
insert into marca (id, nombre, proveedor_id) values (14, 'IT RADIANT BRIGHTENING', 6);
insert into marca (id, nombre, proveedor_id) values (15, 'Ibuprofen', 5);
insert into marca (id, nombre, proveedor_id) values (16, 'Rest Simply', 7);
insert into marca (id, nombre, proveedor_id) values (17, 'KADIAN', 7);
insert into marca (id, nombre, proveedor_id) values (18, 'Remedy with Phytoplex Antifungal Clear', 1);
insert into marca (id, nombre, proveedor_id) values (19, 'Lithium Carbonate', 10);
insert into marca (id, nombre, proveedor_id) values (20, 'Apis venenum purum 5', 5);
-- -----------------------------------------------------
-- DATA FOR :`optica`.`gafas`
-- -----------------------------------------------------
insert into gafas (id, graduacion_derecho, graduacion_izquierdo, precio, marca_id, color_vidrio_der, color_vidrio_izq, color_montura, montura) values (1, 0.25, 0.25, 110.31, 5, 12, 20, 4, 'METALICA');
insert into gafas (id, graduacion_derecho, graduacion_izquierdo, precio, marca_id, color_vidrio_der, color_vidrio_izq, color_montura, montura) values (2, 0.5, 1.5, 68.93, 1, 14, 19, 13, 'FLOTANTE');
insert into gafas (id, graduacion_derecho, graduacion_izquierdo, precio, marca_id, color_vidrio_der, color_vidrio_izq, color_montura, montura) values (3, 0.5, 0.25, 44.49, 2, 9, 1, 9, 'METALICA');
insert into gafas (id, graduacion_derecho, graduacion_izquierdo, precio, marca_id, color_vidrio_der, color_vidrio_izq, color_montura, montura) values (4, 0.75, 1.25, 88.25, 20, 16, 7, 16, 'METALICA');
insert into gafas (id, graduacion_derecho, graduacion_izquierdo, precio, marca_id, color_vidrio_der, color_vidrio_izq, color_montura, montura) values (5, 0.75, 0.5, 142.54, 8, 15, 12, 17, 'METALICA');
insert into gafas (id, graduacion_derecho, graduacion_izquierdo, precio, marca_id, color_vidrio_der, color_vidrio_izq, color_montura, montura) values (6, 1, 0.75, 86.73, 7, 7, 11, 8, 'METALICA');
insert into gafas (id, graduacion_derecho, graduacion_izquierdo, precio, marca_id, color_vidrio_der, color_vidrio_izq, color_montura, montura) values (7, 0.25, 0.5, 65.38, 4, 17, 19, 6, 'PLASTICA');
insert into gafas (id, graduacion_derecho, graduacion_izquierdo, precio, marca_id, color_vidrio_der, color_vidrio_izq, color_montura, montura) values (8, 1, 1, 115.2, 10, 6, 17, 8, 'FLOTANTE');
insert into gafas (id, graduacion_derecho, graduacion_izquierdo, precio, marca_id, color_vidrio_der, color_vidrio_izq, color_montura, montura) values (9, 1.25, 0.25, 107.57, 8, 7, 10, 19, 'FLOTANTE');
insert into gafas (id, graduacion_derecho, graduacion_izquierdo, precio, marca_id, color_vidrio_der, color_vidrio_izq, color_montura, montura) values (10, 1.25, 0.25, 144.62, 5, 3, 5, 8, 'METALICA');
insert into gafas (id, graduacion_derecho, graduacion_izquierdo, precio, marca_id, color_vidrio_der, color_vidrio_izq, color_montura, montura) values (11, 1.25, 0.5, 92.7, 16, 13, 1, 10, 'FLOTANTE');
insert into gafas (id, graduacion_derecho, graduacion_izquierdo, precio, marca_id, color_vidrio_der, color_vidrio_izq, color_montura, montura) values (12, 0.5, 1, 146.72, 4, 5, 16, 14, 'METALICA');
insert into gafas (id, graduacion_derecho, graduacion_izquierdo, precio, marca_id, color_vidrio_der, color_vidrio_izq, color_montura, montura) values (13, 0.5, 0.5, 94.06, 6, 19, 20, 10, 'METALICA');
insert into gafas (id, graduacion_derecho, graduacion_izquierdo, precio, marca_id, color_vidrio_der, color_vidrio_izq, color_montura, montura) values (14, 0.25, 1, 36.93, 3, 10, 1, 6, 'PLASTICA');
insert into gafas (id, graduacion_derecho, graduacion_izquierdo, precio, marca_id, color_vidrio_der, color_vidrio_izq, color_montura, montura) values (15, 0.5, 1.25, 119.36, 13, 19, 19, 13, 'FLOTANTE');
insert into gafas (id, graduacion_derecho, graduacion_izquierdo, precio, marca_id, color_vidrio_der, color_vidrio_izq, color_montura, montura) values (16, 1, 0.25, 48.73, 20, 6, 13, 6, 'FLOTANTE');
insert into gafas (id, graduacion_derecho, graduacion_izquierdo, precio, marca_id, color_vidrio_der, color_vidrio_izq, color_montura, montura) values (17, 0.75, 1.5, 103.84, 13, 4, 18, 4, 'METALICA');
insert into gafas (id, graduacion_derecho, graduacion_izquierdo, precio, marca_id, color_vidrio_der, color_vidrio_izq, color_montura, montura) values (18, 0.5, 0.25, 131.42, 8, 10, 4, 16, 'PLASTICA');
insert into gafas (id, graduacion_derecho, graduacion_izquierdo, precio, marca_id, color_vidrio_der, color_vidrio_izq, color_montura, montura) values (19, 0.5, 1.25, 77.59, 4, 9, 20, 18, 'PLASTICA');
insert into gafas (id, graduacion_derecho, graduacion_izquierdo, precio, marca_id, color_vidrio_der, color_vidrio_izq, color_montura, montura) values (20, 0.75, 1.25, 33.5, 9, 20, 18, 6, 'FLOTANTE');
insert into gafas (id, graduacion_derecho, graduacion_izquierdo, precio, marca_id, color_vidrio_der, color_vidrio_izq, color_montura, montura) values (21, 0.25, 1.25, 42.21, 14, 14, 19, 4, 'FLOTANTE');
insert into gafas (id, graduacion_derecho, graduacion_izquierdo, precio, marca_id, color_vidrio_der, color_vidrio_izq, color_montura, montura) values (22, 1.5, 0.75, 75.96, 7, 8, 5, 1, 'FLOTANTE');
insert into gafas (id, graduacion_derecho, graduacion_izquierdo, precio, marca_id, color_vidrio_der, color_vidrio_izq, color_montura, montura) values (23, 0.75, 0.25, 86.87, 13, 1, 13, 17, 'METALICA');
insert into gafas (id, graduacion_derecho, graduacion_izquierdo, precio, marca_id, color_vidrio_der, color_vidrio_izq, color_montura, montura) values (24, 1.25, 1.5, 131.15, 16, 11, 11, 20, 'FLOTANTE');
insert into gafas (id, graduacion_derecho, graduacion_izquierdo, precio, marca_id, color_vidrio_der, color_vidrio_izq, color_montura, montura) values (25, 0.25, 0.25, 109.45, 14, 8, 19, 13, 'PLASTICA');
insert into gafas (id, graduacion_derecho, graduacion_izquierdo, precio, marca_id, color_vidrio_der, color_vidrio_izq, color_montura, montura) values (26, 1.5, 1, 117.87, 5, 6, 16, 6, 'FLOTANTE');
insert into gafas (id, graduacion_derecho, graduacion_izquierdo, precio, marca_id, color_vidrio_der, color_vidrio_izq, color_montura, montura) values (27, 1, 0.75, 95.6, 20, 19, 4, 1, 'FLOTANTE');
insert into gafas (id, graduacion_derecho, graduacion_izquierdo, precio, marca_id, color_vidrio_der, color_vidrio_izq, color_montura, montura) values (28, 0.75, 1, 47.48, 15, 10, 20, 2, 'METALICA');
insert into gafas (id, graduacion_derecho, graduacion_izquierdo, precio, marca_id, color_vidrio_der, color_vidrio_izq, color_montura, montura) values (29, 0.5, 0.5, 61.14, 2, 12, 14, 8, 'FLOTANTE');
insert into gafas (id, graduacion_derecho, graduacion_izquierdo, precio, marca_id, color_vidrio_der, color_vidrio_izq, color_montura, montura) values (30, 1, 0.25, 105.78, 17, 20, 20, 17, 'METALICA');
insert into gafas (id, graduacion_derecho, graduacion_izquierdo, precio, marca_id, color_vidrio_der, color_vidrio_izq, color_montura, montura) values (31, 0.5, 1, 126.35, 11, 18, 13, 6, 'FLOTANTE');
insert into gafas (id, graduacion_derecho, graduacion_izquierdo, precio, marca_id, color_vidrio_der, color_vidrio_izq, color_montura, montura) values (32, 0.5, 0.75, 42.54, 7, 3, 15, 11, 'FLOTANTE');
insert into gafas (id, graduacion_derecho, graduacion_izquierdo, precio, marca_id, color_vidrio_der, color_vidrio_izq, color_montura, montura) values (33, 0.25, 0.75, 148.38, 3, 16, 11, 12, 'FLOTANTE');
insert into gafas (id, graduacion_derecho, graduacion_izquierdo, precio, marca_id, color_vidrio_der, color_vidrio_izq, color_montura, montura) values (34, 0.5, 0.75, 89.57, 9, 8, 8, 13, 'METALICA');
insert into gafas (id, graduacion_derecho, graduacion_izquierdo, precio, marca_id, color_vidrio_der, color_vidrio_izq, color_montura, montura) values (35, 0.5, 0.25, 144.04, 13, 7, 16, 20, 'PLASTICA');
insert into gafas (id, graduacion_derecho, graduacion_izquierdo, precio, marca_id, color_vidrio_der, color_vidrio_izq, color_montura, montura) values (36, 0.5, 0.5, 144.61, 7, 12, 19, 10, 'PLASTICA');
insert into gafas (id, graduacion_derecho, graduacion_izquierdo, precio, marca_id, color_vidrio_der, color_vidrio_izq, color_montura, montura) values (37, 1, 0.25, 124.42, 17, 8, 15, 3, 'PLASTICA');
insert into gafas (id, graduacion_derecho, graduacion_izquierdo, precio, marca_id, color_vidrio_der, color_vidrio_izq, color_montura, montura) values (38, 1.5, 0.5, 86.25, 1, 17, 1, 6, 'PLASTICA');
insert into gafas (id, graduacion_derecho, graduacion_izquierdo, precio, marca_id, color_vidrio_der, color_vidrio_izq, color_montura, montura) values (39, 1, 1, 126.94, 20, 6, 15, 11, 'PLASTICA');
insert into gafas (id, graduacion_derecho, graduacion_izquierdo, precio, marca_id, color_vidrio_der, color_vidrio_izq, color_montura, montura) values (40, 1.5, 0.75, 90.65, 14, 4, 9, 16, 'FLOTANTE');
-- -----------------------------------------------------
-- DATA FOR :`optica`.`ventas`
-- -----------------------------------------------------
insert into venta (id, fecha_venta, cliente_id, gafa_id, empleado_id) values (1, '2022-07-20', 58, 14, 3);
insert into venta (id, fecha_venta, cliente_id, gafa_id, empleado_id) values (2, '2022-03-28', 29, 2, 15);
insert into venta (id, fecha_venta, cliente_id, gafa_id, empleado_id) values (3, '2022-03-15', 15, 29, 2);
insert into venta (id, fecha_venta, cliente_id, gafa_id, empleado_id) values (4, '2022-06-22', 26, 25, 18);
insert into venta (id, fecha_venta, cliente_id, gafa_id, empleado_id) values (5, '2022-11-11', 83, 29, 28);
insert into venta (id, fecha_venta, cliente_id, gafa_id, empleado_id) values (6, '2023-01-04', 65, 29, 24);
insert into venta (id, fecha_venta, cliente_id, gafa_id, empleado_id) values (7, '2022-04-01', 71, 32, 7);
insert into venta (id, fecha_venta, cliente_id, gafa_id, empleado_id) values (8, '2023-02-07', 38, 36, 16);
insert into venta (id, fecha_venta, cliente_id, gafa_id, empleado_id) values (9, '2022-10-03', 22, 31, 22);
insert into venta (id, fecha_venta, cliente_id, gafa_id, empleado_id) values (10, '2022-10-11', 25, 18, 23);
insert into venta (id, fecha_venta, cliente_id, gafa_id, empleado_id) values (11, '2023-02-18', 41, 36, 6);
insert into venta (id, fecha_venta, cliente_id, gafa_id, empleado_id) values (12, '2022-05-14', 43, 26, 27);
insert into venta (id, fecha_venta, cliente_id, gafa_id, empleado_id) values (13, '2022-11-22', 24, 16, 29);
insert into venta (id, fecha_venta, cliente_id, gafa_id, empleado_id) values (14, '2022-07-11', 20, 20, 24);
insert into venta (id, fecha_venta, cliente_id, gafa_id, empleado_id) values (15, '2022-12-18', 2, 28, 27);
insert into venta (id, fecha_venta, cliente_id, gafa_id, empleado_id) values (16, '2022-03-12', 79, 29, 28);
insert into venta (id, fecha_venta, cliente_id, gafa_id, empleado_id) values (17, '2022-12-11', 32, 13, 20);
insert into venta (id, fecha_venta, cliente_id, gafa_id, empleado_id) values (18, '2023-01-21', 44, 12, 22);
insert into venta (id, fecha_venta, cliente_id, gafa_id, empleado_id) values (19, '2023-01-30', 42, 15, 11);
insert into venta (id, fecha_venta, cliente_id, gafa_id, empleado_id) values (20, '2022-11-28', 5, 5, 15);
insert into venta (id, fecha_venta, cliente_id, gafa_id, empleado_id) values (21, '2022-07-12', 90, 3, 25);
insert into venta (id, fecha_venta, cliente_id, gafa_id, empleado_id) values (22, '2022-08-05', 63, 13, 21);
insert into venta (id, fecha_venta, cliente_id, gafa_id, empleado_id) values (23, '2022-10-12', 37, 1, 16);
insert into venta (id, fecha_venta, cliente_id, gafa_id, empleado_id) values (24, '2022-04-09', 54, 6, 7);
insert into venta (id, fecha_venta, cliente_id, gafa_id, empleado_id) values (25, '2022-11-06', 44, 27, 30);
insert into venta (id, fecha_venta, cliente_id, gafa_id, empleado_id) values (26, '2022-04-11', 43, 16, 1);
insert into venta (id, fecha_venta, cliente_id, gafa_id, empleado_id) values (27, '2022-09-10', 98, 25, 19);
insert into venta (id, fecha_venta, cliente_id, gafa_id, empleado_id) values (28, '2022-05-21', 70, 10, 27);
insert into venta (id, fecha_venta, cliente_id, gafa_id, empleado_id) values (29, '2023-01-11', 87, 20, 10);
insert into venta (id, fecha_venta, cliente_id, gafa_id, empleado_id) values (30, '2022-03-13', 4, 12, 14);
insert into venta (id, fecha_venta, cliente_id, gafa_id, empleado_id) values (31, '2022-04-26', 77, 18, 18);
insert into venta (id, fecha_venta, cliente_id, gafa_id, empleado_id) values (32, '2022-08-18', 10, 21, 3);
insert into venta (id, fecha_venta, cliente_id, gafa_id, empleado_id) values (33, '2022-12-30', 1, 6, 1);
insert into venta (id, fecha_venta, cliente_id, gafa_id, empleado_id) values (34, '2023-02-03', 84, 12, 17);
insert into venta (id, fecha_venta, cliente_id, gafa_id, empleado_id) values (35, '2023-01-25', 74, 1, 25);
insert into venta (id, fecha_venta, cliente_id, gafa_id, empleado_id) values (36, '2022-05-28', 91, 28, 14);
insert into venta (id, fecha_venta, cliente_id, gafa_id, empleado_id) values (37, '2022-12-07', 86, 35, 23);
insert into venta (id, fecha_venta, cliente_id, gafa_id, empleado_id) values (38, '2022-06-30', 92, 15, 23);
insert into venta (id, fecha_venta, cliente_id, gafa_id, empleado_id) values (39, '2022-11-21', 23, 7, 25);
insert into venta (id, fecha_venta, cliente_id, gafa_id, empleado_id) values (40, '2022-03-28', 55, 37, 21);
insert into venta (id, fecha_venta, cliente_id, gafa_id, empleado_id) values (41, '2022-11-29', 91, 36, 19);
insert into venta (id, fecha_venta, cliente_id, gafa_id, empleado_id) values (42, '2022-10-18', 53, 35, 17);
insert into venta (id, fecha_venta, cliente_id, gafa_id, empleado_id) values (43, '2022-09-29', 84, 2, 30);
insert into venta (id, fecha_venta, cliente_id, gafa_id, empleado_id) values (44, '2022-11-17', 3, 1, 5);
insert into venta (id, fecha_venta, cliente_id, gafa_id, empleado_id) values (45, '2022-11-01', 89, 7, 11);
insert into venta (id, fecha_venta, cliente_id, gafa_id, empleado_id) values (46, '2022-09-08', 2, 22, 19);
insert into venta (id, fecha_venta, cliente_id, gafa_id, empleado_id) values (47, '2022-08-16', 83, 2, 19);
insert into venta (id, fecha_venta, cliente_id, gafa_id, empleado_id) values (48, '2022-08-24', 44, 18, 21);
insert into venta (id, fecha_venta, cliente_id, gafa_id, empleado_id) values (49, '2022-08-17', 11, 19, 10);
insert into venta (id, fecha_venta, cliente_id, gafa_id, empleado_id) values (50, '2022-10-30', 69, 23, 18);
insert into venta (id, fecha_venta, cliente_id, gafa_id, empleado_id) values (51, '2022-05-28', 50, 26, 9);
insert into venta (id, fecha_venta, cliente_id, gafa_id, empleado_id) values (52, '2022-12-15', 12, 19, 25);
insert into venta (id, fecha_venta, cliente_id, gafa_id, empleado_id) values (53, '2022-07-17', 68, 12, 23);
insert into venta (id, fecha_venta, cliente_id, gafa_id, empleado_id) values (54, '2022-03-24', 31, 17, 29);
insert into venta (id, fecha_venta, cliente_id, gafa_id, empleado_id) values (55, '2022-06-19', 40, 38, 19);
insert into venta (id, fecha_venta, cliente_id, gafa_id, empleado_id) values (56, '2022-05-07', 2, 40, 20);
insert into venta (id, fecha_venta, cliente_id, gafa_id, empleado_id) values (57, '2022-10-10', 55, 8, 24);
insert into venta (id, fecha_venta, cliente_id, gafa_id, empleado_id) values (58, '2022-09-26', 54, 11, 9);
insert into venta (id, fecha_venta, cliente_id, gafa_id, empleado_id) values (59, '2022-07-19', 19, 35, 20);
insert into venta (id, fecha_venta, cliente_id, gafa_id, empleado_id) values (60, '2022-12-01', 52, 5, 9);
insert into venta (id, fecha_venta, cliente_id, gafa_id, empleado_id) values (61, '2022-12-25', 26, 27, 24);
insert into venta (id, fecha_venta, cliente_id, gafa_id, empleado_id) values (62, '2022-04-08', 99, 26, 12);
insert into venta (id, fecha_venta, cliente_id, gafa_id, empleado_id) values (63, '2022-08-01', 92, 31, 1);
insert into venta (id, fecha_venta, cliente_id, gafa_id, empleado_id) values (64, '2022-09-06', 80, 22, 28);
insert into venta (id, fecha_venta, cliente_id, gafa_id, empleado_id) values (65, '2022-08-07', 8, 38, 15);
insert into venta (id, fecha_venta, cliente_id, gafa_id, empleado_id) values (66, '2022-08-28', 66, 15, 7);
insert into venta (id, fecha_venta, cliente_id, gafa_id, empleado_id) values (67, '2022-12-10', 91, 6, 19);
insert into venta (id, fecha_venta, cliente_id, gafa_id, empleado_id) values (68, '2022-12-03', 71, 10, 29);
insert into venta (id, fecha_venta, cliente_id, gafa_id, empleado_id) values (69, '2022-07-25', 80, 25, 21);
insert into venta (id, fecha_venta, cliente_id, gafa_id, empleado_id) values (70, '2022-05-15', 51, 18, 5);
insert into venta (id, fecha_venta, cliente_id, gafa_id, empleado_id) values (71, '2022-08-17', 30, 4, 13);
insert into venta (id, fecha_venta, cliente_id, gafa_id, empleado_id) values (72, '2022-07-25', 12, 36, 10);
insert into venta (id, fecha_venta, cliente_id, gafa_id, empleado_id) values (73, '2022-04-23', 77, 38, 15);
insert into venta (id, fecha_venta, cliente_id, gafa_id, empleado_id) values (74, '2022-06-03', 96, 20, 22);
insert into venta (id, fecha_venta, cliente_id, gafa_id, empleado_id) values (75, '2023-01-25', 74, 33, 11);
insert into venta (id, fecha_venta, cliente_id, gafa_id, empleado_id) values (76, '2023-02-15', 40, 37, 21);
insert into venta (id, fecha_venta, cliente_id, gafa_id, empleado_id) values (77, '2022-04-08', 1, 29, 10);
insert into venta (id, fecha_venta, cliente_id, gafa_id, empleado_id) values (78, '2022-08-14', 8, 37, 17);
insert into venta (id, fecha_venta, cliente_id, gafa_id, empleado_id) values (79, '2022-08-18', 56, 26, 29);
insert into venta (id, fecha_venta, cliente_id, gafa_id, empleado_id) values (80, '2022-07-12', 50, 32, 9);
insert into venta (id, fecha_venta, cliente_id, gafa_id, empleado_id) values (81, '2022-04-26', 74, 4, 10);
insert into venta (id, fecha_venta, cliente_id, gafa_id, empleado_id) values (82, '2022-05-10', 60, 3, 13);
insert into venta (id, fecha_venta, cliente_id, gafa_id, empleado_id) values (83, '2022-05-21', 99, 6, 9);
insert into venta (id, fecha_venta, cliente_id, gafa_id, empleado_id) values (84, '2022-09-03', 95, 10, 22);
insert into venta (id, fecha_venta, cliente_id, gafa_id, empleado_id) values (85, '2022-08-17', 85, 40, 8);
insert into venta (id, fecha_venta, cliente_id, gafa_id, empleado_id) values (86, '2022-10-31', 75, 28, 16);
insert into venta (id, fecha_venta, cliente_id, gafa_id, empleado_id) values (87, '2022-06-30', 93, 21, 30);
insert into venta (id, fecha_venta, cliente_id, gafa_id, empleado_id) values (88, '2022-05-10', 1, 1, 12);
insert into venta (id, fecha_venta, cliente_id, gafa_id, empleado_id) values (89, '2022-10-07', 86, 26, 10);
insert into venta (id, fecha_venta, cliente_id, gafa_id, empleado_id) values (90, '2022-09-19', 19, 2, 11);
insert into venta (id, fecha_venta, cliente_id, gafa_id, empleado_id) values (91, '2022-09-27', 6, 31, 8);
insert into venta (id, fecha_venta, cliente_id, gafa_id, empleado_id) values (92, '2023-02-08', 22, 20, 23);
insert into venta (id, fecha_venta, cliente_id, gafa_id, empleado_id) values (93, '2022-09-10', 94, 26, 16);
insert into venta (id, fecha_venta, cliente_id, gafa_id, empleado_id) values (94, '2022-04-15', 63, 7, 2);
insert into venta (id, fecha_venta, cliente_id, gafa_id, empleado_id) values (95, '2022-05-16', 98, 37, 17);
insert into venta (id, fecha_venta, cliente_id, gafa_id, empleado_id) values (96, '2022-11-14', 16, 2, 16);
insert into venta (id, fecha_venta, cliente_id, gafa_id, empleado_id) values (97, '2023-01-15', 3, 24, 26);
insert into venta (id, fecha_venta, cliente_id, gafa_id, empleado_id) values (98, '2022-04-17', 50, 7, 10);
insert into venta (id, fecha_venta, cliente_id, gafa_id, empleado_id) values (99, '2023-01-01', 21, 34, 3);
insert into venta (id, fecha_venta, cliente_id, gafa_id, empleado_id) values (100, '2022-02-23', 7, 10, 30);
insert into venta (id, fecha_venta, cliente_id, gafa_id, empleado_id) values (101, '2022-05-14', 9, 29, 5);
insert into venta (id, fecha_venta, cliente_id, gafa_id, empleado_id) values (102, '2023-01-29', 83, 13, 20);
insert into venta (id, fecha_venta, cliente_id, gafa_id, empleado_id) values (103, '2022-12-04', 94, 34, 9);
insert into venta (id, fecha_venta, cliente_id, gafa_id, empleado_id) values (104, '2022-04-14', 97, 17, 15);
insert into venta (id, fecha_venta, cliente_id, gafa_id, empleado_id) values (105, '2022-10-24', 43, 1, 12);
insert into venta (id, fecha_venta, cliente_id, gafa_id, empleado_id) values (106, '2022-10-30', 18, 11, 19);
insert into venta (id, fecha_venta, cliente_id, gafa_id, empleado_id) values (107, '2023-01-22', 4, 37, 4);
insert into venta (id, fecha_venta, cliente_id, gafa_id, empleado_id) values (108, '2022-06-16', 26, 16, 14);
insert into venta (id, fecha_venta, cliente_id, gafa_id, empleado_id) values (109, '2022-05-23', 58, 1, 19);
insert into venta (id, fecha_venta, cliente_id, gafa_id, empleado_id) values (110, '2022-10-23', 51, 23, 5);
insert into venta (id, fecha_venta, cliente_id, gafa_id, empleado_id) values (111, '2022-07-11', 55, 36, 9);
insert into venta (id, fecha_venta, cliente_id, gafa_id, empleado_id) values (112, '2022-04-11', 69, 26, 14);
insert into venta (id, fecha_venta, cliente_id, gafa_id, empleado_id) values (113, '2022-07-09', 4, 29, 18);
insert into venta (id, fecha_venta, cliente_id, gafa_id, empleado_id) values (114, '2022-10-19', 31, 19, 4);
insert into venta (id, fecha_venta, cliente_id, gafa_id, empleado_id) values (115, '2022-04-28', 8, 4, 9);
insert into venta (id, fecha_venta, cliente_id, gafa_id, empleado_id) values (116, '2022-05-23', 36, 24, 29);
insert into venta (id, fecha_venta, cliente_id, gafa_id, empleado_id) values (117, '2022-11-27', 6, 25, 1);
insert into venta (id, fecha_venta, cliente_id, gafa_id, empleado_id) values (118, '2022-07-06', 25, 33, 13);
insert into venta (id, fecha_venta, cliente_id, gafa_id, empleado_id) values (119, '2022-11-30', 93, 22, 18);
insert into venta (id, fecha_venta, cliente_id, gafa_id, empleado_id) values (120, '2022-06-04', 3, 22, 29);
insert into venta (id, fecha_venta, cliente_id, gafa_id, empleado_id) values (121, '2022-04-13', 67, 16, 22);
insert into venta (id, fecha_venta, cliente_id, gafa_id, empleado_id) values (122, '2022-05-17', 25, 35, 14);
insert into venta (id, fecha_venta, cliente_id, gafa_id, empleado_id) values (123, '2022-09-04', 15, 38, 8);
insert into venta (id, fecha_venta, cliente_id, gafa_id, empleado_id) values (124, '2022-05-19', 7, 11, 12);
insert into venta (id, fecha_venta, cliente_id, gafa_id, empleado_id) values (125, '2023-01-09', 61, 19, 20);
insert into venta (id, fecha_venta, cliente_id, gafa_id, empleado_id) values (126, '2023-01-29', 90, 27, 17);
insert into venta (id, fecha_venta, cliente_id, gafa_id, empleado_id) values (127, '2022-06-13', 38, 25, 19);
insert into venta (id, fecha_venta, cliente_id, gafa_id, empleado_id) values (128, '2022-07-17', 90, 12, 5);
insert into venta (id, fecha_venta, cliente_id, gafa_id, empleado_id) values (129, '2023-02-12', 36, 6, 9);
insert into venta (id, fecha_venta, cliente_id, gafa_id, empleado_id) values (130, '2022-07-23', 23, 13, 10);
insert into venta (id, fecha_venta, cliente_id, gafa_id, empleado_id) values (131, '2022-06-20', 2, 14, 27);
insert into venta (id, fecha_venta, cliente_id, gafa_id, empleado_id) values (132, '2022-10-08', 18, 33, 21);
insert into venta (id, fecha_venta, cliente_id, gafa_id, empleado_id) values (133, '2022-10-22', 75, 27, 26);
insert into venta (id, fecha_venta, cliente_id, gafa_id, empleado_id) values (134, '2022-11-26', 37, 36, 14);
insert into venta (id, fecha_venta, cliente_id, gafa_id, empleado_id) values (135, '2023-02-16', 21, 18, 19);
insert into venta (id, fecha_venta, cliente_id, gafa_id, empleado_id) values (136, '2022-12-14', 17, 20, 8);
insert into venta (id, fecha_venta, cliente_id, gafa_id, empleado_id) values (137, '2022-09-01', 5, 31, 28);
insert into venta (id, fecha_venta, cliente_id, gafa_id, empleado_id) values (138, '2022-11-19', 85, 40, 12);
insert into venta (id, fecha_venta, cliente_id, gafa_id, empleado_id) values (139, '2022-03-10', 40, 24, 25);
insert into venta (id, fecha_venta, cliente_id, gafa_id, empleado_id) values (140, '2022-05-16', 71, 3, 29);
insert into venta (id, fecha_venta, cliente_id, gafa_id, empleado_id) values (141, '2022-10-18', 87, 33, 14);
insert into venta (id, fecha_venta, cliente_id, gafa_id, empleado_id) values (142, '2022-03-16', 29, 7, 20);
insert into venta (id, fecha_venta, cliente_id, gafa_id, empleado_id) values (143, '2022-09-26', 9, 17, 30);
insert into venta (id, fecha_venta, cliente_id, gafa_id, empleado_id) values (144, '2022-09-13', 56, 24, 18);
insert into venta (id, fecha_venta, cliente_id, gafa_id, empleado_id) values (145, '2022-05-26', 75, 13, 19);
insert into venta (id, fecha_venta, cliente_id, gafa_id, empleado_id) values (146, '2022-10-15', 24, 7, 14);
insert into venta (id, fecha_venta, cliente_id, gafa_id, empleado_id) values (147, '2022-12-11', 3, 34, 28);
insert into venta (id, fecha_venta, cliente_id, gafa_id, empleado_id) values (148, '2022-04-29', 85, 25, 23);
insert into venta (id, fecha_venta, cliente_id, gafa_id, empleado_id) values (149, '2022-11-26', 31, 16, 24);
insert into venta (id, fecha_venta, cliente_id, gafa_id, empleado_id) values (150, '2022-12-16', 85, 25, 4);
-- -----------------------------------------------------
-- Consultas:
--  Llista el total de compres d’un client/a.
--  Llista les diferents ulleres que ha venut un empleat durant un any.
--  Llista els diferents proveïdors que han subministrat ulleres venudes amb èxit per l'òptica.
-- -----------------------------------------------------
SELECT cliente_id, count(*) total_ventas FROM optica.venta WHERE cliente_id = 7;
SELECT fecha_venta, gafa_id, nombre FROM optica.venta v JOIN optica.gafas g ON v.gafa_id = g.id JOIN optica.marca m ON g.marca_id = m.id WHERE empleado_id = 3 AND   year(fecha_venta) = 2022 ; 
SELECT p.nombre ,count(*) gafas_vendidas FROM optica.venta v JOIN optica.gafas g ON v.gafa_id = g.id JOIN optica.marca m ON g.marca_id = m.id JOIN optica.proveedor p ON m.proveedor_id = p.id WHERE p.id = 3;